member_id,monthly_savings_avg,savings_volatility,existing_loans_count,mpesa_in_out_ratio,guarantor_score,age,defaulted
1,17795,0.17088758739006582,1,2.205115563803107,392,40,0
2,2860,0.668643219924431,0,1.9217694333646382,729,60,0
3,40158,0.9293759891275858,1,2.313885617669668,733,23,0
4,46732,0.5567628930139298,0,0.7647447580699449,703,64,0
5,13284,0.5716126894698998,4,1.6860290007211953,733,22,0
6,8265,0.2799790936602842,0,1.6982411700806503,411,60,0
7,18850,0.7694929331919369,3,1.206921481093565,674,42,0
8,39194,0.18704374855752337,0,1.4169328491385156,358,35,0
9,23962,0.3236792364042437,4,0.5759631265797069,342,30,0
10,49191,0.4254364386164168,3,1.991720077254024,506,60,0
11,46131,0.507610378684455,2,1.598644958806348,595,31,1
12,18023,0.24240973241508024,2,0.6154821037383476,417,45,0
13,43090,0.11483682473920354,0,1.861511785920971,831,35,1
14,3685,0.6106200424416326,0,1.4335641544623758,521,45,0
15,2769,0.28863055324025577,4,0.56892251885,465,68,0
16,4433,0.5812382214226123,4,2.4392154536961907,455,44,0
17,7311,0.1543627152742023,1,2.398224286178881,483,49,0
18,39819,0.4811401018548175,4,1.5258048322943951,389,64,0
19,41188,0.5325894325515859,1,0.6873448414118204,393,26,0
20,19568,0.05182353682242691,3,2.0092424431971834,312,57,0
21,21769,0.3366042781939206,0,1.483862200211458,737,49,0
22,30693,0.13441467693897424,3,1.1048949565787598,837,37,0
23,8396,0.06337497047276774,4,1.4828363550571135,449,45,0
24,29480,0.9899602323899452,3,1.544888290810929,307,50,0
25,43434,0.32235384497472297,3,1.6254233980446784,328,21,0
26,27658,0.8098744458546349,3,1.382447427310653,595,63,0
27,20942,0.25464065476376385,4,1.7115106062781134,639,51,0
28,20431,0.6815027222239293,3,2.337469421212755,738,65,0
29,4747,0.7602278598896866,1,1.2245361741971823,443,20,1
30,2189,0.5956387406078443,4,1.9514329264398982,818,43,0
31,21118,0.47157618855015837,3,2.2889051136484646,344,25,0
32,37773,0.41184091414726853,4,1.4119585515198738,538,23,0
33,3899,0.3488682665429953,2,1.3869116727638082,454,33,0
34,3267,0.9295291442478258,1,1.704233970709559,480,41,1
35,33551,0.8306194077877291,3,1.6828135188449762,514,65,1
36,13394,0.9650269106665126,2,2.1131786846525538,387,56,0
37,5556,0.12429722348554473,2,1.4529667675565854,555,47,0
38,5890,0.7308674752036443,4,2.492245899278882,810,62,0
39,43606,0.9383404568210378,2,0.6189431377345616,372,30,0
40,32740,0.18123306616566015,1,0.5063356971614035,478,22,0
41,16502,0.0664962673667775,1,1.7803966231192476,511,42,0
42,23777,0.741120649290059,0,1.0968698247237534,533,37,1
43,12627,0.5744731131799119,1,0.9807647773989676,764,35,0
44,10792,0.8418287767582721,2,1.123798160008561,522,64,0
45,45323,0.1397723766262895,1,1.0120951302099086,563,35,0
46,45021,0.7952673118598902,4,0.5615800993208957,506,19,0
47,10433,0.20162732004774453,0,2.4430660847811776,665,27,0
48,45001,0.1636559428657045,2,0.9414909769055635,575,62,1
49,13016,0.16426579793099294,0,1.9680595251786126,679,67,0
50,25897,0.8145747202313821,2,2.025192789388351,608,64,0
51,4612,0.6651972206962001,4,2.3585147960144583,567,29,0
52,25483,0.5230654247691193,0,0.56109891418676,363,64,0
53,19159,0.3588304841235025,3,2.2440966768940154,649,30,0
54,46974,0.8772005408131083,2,1.5544523616796004,793,67,0
55,42994,0.3924451074226354,3,1.7650882199316558,822,64,0
56,16541,0.8165994394715771,0,1.7889405542420673,397,28,0
57,37920,0.4391349085702184,3,2.1395956099694553,370,36,0
58,28531,0.3769444294249076,3,1.166814644318221,663,52,0
59,3585,0.46267978566960644,0,1.9661023797199868,575,56,0
60,5943,0.3013778741641421,4,1.5571562194443942,349,43,0
61,25939,0.7476093801762511,3,2.0867880286106955,657,63,0
62,21457,0.5027203900924792,3,2.481092065540267,784,31,0
63,3021,0.2322126951468173,4,0.9013020348075225,383,62,0
64,13653,0.8995745732745685,3,2.4892972831199955,595,61,0
65,45573,0.3838912213732114,3,0.679624308565548,535,41,0
66,15417,0.5435528611139886,3,0.5046350958096277,355,58,0
67,42757,0.9064721109645469,1,0.5883238723556625,659,18,0
68,11692,0.6242379959139921,4,1.1835648094735234,409,68,0
69,47758,0.11689804070836407,3,1.7658126613568683,491,60,0
70,8873,0.9398321236134751,4,0.6380590817756993,392,39,0
71,7675,0.6277080530714179,2,0.5113316290591345,359,40,0
72,2161,0.3349056146570861,2,2.3741820569175895,338,36,0
73,39065,0.13927207266338726,3,2.143853271879859,839,35,0
74,28557,0.794025189270296,4,2.118366342278062,348,29,0
75,35763,0.6200727559285135,4,2.268848551003954,719,45,0
76,34606,0.5334610919763215,4,1.9000685455442088,312,45,0
77,13534,0.8938925830509576,1,0.7088082594961629,335,50,0
78,31127,0.7885972112245307,2,1.298200376147446,400,36,0
79,42397,0.15167487973275118,4,1.946298972929259,385,45,0
80,27851,0.31172206779554823,4,1.0606689215830418,815,69,0
81,3016,0.24848913981446574,1,1.8748127282724751,522,66,0
82,26253,0.743946292572677,1,0.5489968965353047,637,54,0
83,26276,0.03353243473577938,4,1.1122746817591864,465,43,1
84,25247,0.5698896848713165,0,1.5982606725543453,682,52,1
85,26300,0.7624586857406905,4,1.7641796590124845,675,51,1
86,10529,0.8767656367617495,4,1.6540813289238216,770,52,0
87,19262,0.34208174871590746,1,1.895512552146859,330,57,0
88,11268,0.8212573046720129,1,0.5121774964796781,674,33,0
89,23271,0.11063173695520723,4,0.701882399955043,310,55,0
90,14185,0.8464522917345182,4,2.23788850455829,601,30,0
91,23243,0.12748866233198242,4,1.8634972881803225,395,40,0
92,41099,0.39728729056036727,1,0.7258632853720226,489,39,0
93,10571,0.7972953657795536,4,2.1841488747971587,752,33,0
94,41976,0.14991742734877378,4,0.9844624356491338,491,45,0
95,40044,0.22925139523264149,3,1.456519768390447,785,65,1
96,42774,0.7222525683930663,0,0.7903930257693206,565,52,0
97,4568,0.7200365365460744,2,1.9202201128434133,723,62,1
98,4027,0.6411476328852973,0,1.8337088420285357,427,63,1
99,4695,0.6939484444671,3,0.9222249423322724,537,25,0
100,7258,0.5427244433475962,2,2.2268015337140037,654,61,0
101,24002,0.25179905890695276,4,1.3026120484394244,411,39,0
102,41504,0.34569599350391944,3,1.0850301821414836,745,38,0
103,35159,0.18159771680142567,4,0.8046591789290709,642,43,1
104,15986,0.9084505613336283,1,1.032336025031075,444,57,0
105,14666,0.5833917947661205,3,0.544053842447634,364,38,0
106,40660,0.4008514167636399,1,1.6665149849122312,546,42,0
107,5561,0.4620058036441327,3,2.1844614926878956,789,58,0
108,28854,0.9472833396118153,3,1.5979608988832836,738,18,1
109,40952,0.1533514031160802,1,0.9385479238477514,405,23,0
110,24662,0.5862298320167972,2,0.5673383564277454,480,40,0
111,10392,0.505888678884466,0,0.9292561465176057,483,68,0
112,32535,0.6114542354346478,4,1.3322428561421846,525,40,0
113,15067,0.01811018382084051,3,2.019222857399593,388,60,1
114,25599,0.8721239089441515,4,0.8756857050755482,829,60,0
115,37222,0.9321182824836124,1,1.9395829067093722,670,40,0
116,13837,0.5651331835892089,4,2.2338669367037673,698,49,0
117,16039,0.6966508238768923,1,1.4078936962167141,405,47,0
118,32818,0.9224993811772957,4,2.142863983285187,570,30,0
119,21115,0.7072386343133986,0,1.6093146960701912,802,60,1
120,12965,0.15253904291426135,0,1.77418167416181,824,35,0
121,26538,0.5762883601668132,0,1.5525569206764054,331,40,1
122,44530,0.6067150463828559,0,1.4263454335026835,692,32,0
123,7056,0.424130671302386,0,0.9693068835516987,339,50,0
124,34482,0.7364442356247228,0,1.106388118922092,517,38,0
125,49716,0.9343670147690148,1,1.079940237887218,381,56,0
126,10110,0.9255685129067763,3,1.6265778619076294,500,40,1
127,15773,0.4508393714041321,4,0.7399073860477798,746,44,0
128,29266,0.11323804584075525,0,2.3335833814046705,727,62,0
129,19412,0.9848411989623346,1,1.9413102905662265,337,61,0
130,35270,0.8388980864459341,1,1.3028912618263873,510,35,0
131,8910,0.12466268120326685,1,0.8172482890527559,743,41,0
132,47453,0.9208418826173723,3,2.2639843394432715,626,68,0
133,27446,0.8698963620621283,4,2.14755618020233,526,64,0
134,2206,0.5188380571260721,3,1.9434431054343586,347,57,0
135,23518,0.5912754357449292,2,1.0430940948224847,317,68,0
136,24361,0.39900270387013026,1,1.3048932748673379,738,59,0
137,25419,0.05476163882203133,2,0.7054965049048467,486,24,0
138,43523,0.3351972416459009,0,0.8780790494550634,644,67,0
139,47151,0.8028534485980114,0,2.0660332746334658,523,65,1
140,24403,0.004632023004602859,3,1.9300774377013676,787,37,0
141,20141,0.3334991716911442,4,1.6869715259518694,528,44,0
142,16820,0.3981686935909433,2,2.2914534518523455,689,23,0
143,42342,0.5373956029379229,4,1.6665330356260908,487,44,0
144,8374,0.9198556164127605,3,1.4339359999272214,569,26,0
145,3678,0.34634599436596125,0,1.1807414926115254,609,62,0
146,35827,0.3469532018962277,4,2.380897011472345,431,48,0
147,18198,0.7375012481097484,4,0.665430923048707,371,38,0
148,11914,0.45221794088980716,0,2.361774744121617,486,43,0
149,29890,0.22460482293998196,2,2.1534293198620365,785,57,0
150,24299,0.4524395161326934,0,0.7598598490714026,490,65,1
151,45585,0.14085702037979986,4,1.6299687153505071,721,62,0
152,45689,0.1763869865062233,2,2.2330959634981737,419,30,0
153,44557,0.49836777273947974,2,1.6436183272143075,519,66,1
154,46020,0.4189254495045479,0,2.3143996431212446,352,40,0
155,4693,0.9148459010681,4,2.385967633632085,750,37,1
156,31467,0.3623938991166331,3,1.3447690443686118,711,54,0
157,31723,0.5805883502780435,4,1.2546273228126472,536,45,1
158,48699,0.6322642879195304,1,2.372642307938314,705,34,0
159,5627,0.013094456588333636,3,1.8502801222993361,721,45,1
160,27939,0.6635373720167106,2,0.7320453626963386,546,58,0
161,44941,0.17803596686975143,3,0.5845834984453624,371,19,0
162,23834,0.9610703174694551,2,1.6292581019945263,484,42,1
163,20047,0.14866272775311296,2,2.3603419308768494,305,67,0
164,28105,0.41462412372702373,3,2.1884974048116366,505,58,0
165,12230,0.08534966807864386,2,1.8516954929286729,843,23,0
166,17707,0.9968742518459474,2,0.778231697782175,686,28,0
167,23976,0.5021950103312426,1,1.0084627674973912,375,55,1
168,46262,0.5953850173200438,4,2.2510224531052323,476,23,0
169,25776,0.06707647738842748,4,0.8656144733138009,648,62,0
170,32080,0.7499604703991778,1,1.0568788165008691,554,28,0
171,3306,0.20990559309558576,3,0.7592013023908839,607,31,0
172,8776,0.8980542894407137,0,1.8522164628288222,644,19,0
173,29251,0.20513964048200717,0,2.387964610726419,426,57,0
174,11474,0.19068772066366657,0,1.037936063190772,586,20,0
175,42294,0.03654966784809488,1,1.4508132157001474,786,52,1
176,23959,0.47206694510999925,1,1.7686794794224086,682,50,0
177,7530,0.5648411332626164,2,2.4989324964312614,705,41,0
178,31320,0.06570863942835237,0,0.7096161299951442,687,36,1
179,5748,0.7755276166950106,3,1.4971415990114183,824,35,0
180,33968,0.4532888347480276,3,1.2702402398050001,575,66,0
181,34562,0.52439026932758,0,2.2316403304447103,799,69,0
182,15545,0.44076274693822814,0,1.4519354620233118,636,41,1
183,2663,0.400763060875326,0,0.7219550491702962,780,62,0
184,36766,0.5596403313082179,1,1.7688482905731673,572,52,1
185,9994,0.1552402459307125,1,2.04156123652776,357,18,0
186,30021,0.18192813049527112,1,0.5057625033312292,627,53,0
187,32303,0.8617856210135173,4,2.2179133708412593,408,42,0
188,5304,0.9461154621336327,3,0.8720460000113313,578,62,0
189,48576,0.37330931627975295,3,1.6041387293067557,627,66,0
190,41353,0.27074467314355377,2,1.3315950013749003,614,60,0
191,19675,0.6439995432390158,1,1.9393076332210608,773,51,0
192,46417,0.4087341710980964,4,1.2423232295714837,410,42,0
193,25938,0.02538635566034486,4,2.2395263533634218,528,33,0
194,25664,0.15615259736619036,3,1.9609927219175805,796,51,0
195,3636,0.7159722288473975,1,1.795426342125843,455,46,1
196,22080,0.6589239419101514,2,2.0924811911257084,772,36,0
197,29728,0.02709599250348349,1,2.0080460698567646,571,40,0
198,28736,0.22197216193294944,0,0.5718773498431067,301,36,0
199,30673,0.2310747965880714,1,1.2894687076896563,810,42,0
200,39505,0.6718927435987284,0,2.3616145946329796,585,33,0
201,49323,0.019710537754364155,0,0.7514485379844524,312,68,1
202,48645,0.10410858198457384,2,1.9741931008641025,797,26,0
203,2854,0.7999160853731894,3,2.4491836226706596,537,18,1
204,26548,0.1785446620543336,1,0.6043972580899433,393,59,0
205,40623,0.6527461078518747,0,1.864387761253221,637,36,0
206,9392,0.23818278104672652,1,1.4363082826020608,470,50,0
207,48717,0.09944139275934516,3,1.6583505107494443,766,51,0
208,23556,0.24317219099945409,3,0.6706826729686497,442,33,0
209,40559,0.7222669318556592,4,0.586013903733879,500,61,0
210,28309,0.8556964681062857,3,1.8337333211018434,479,57,0
211,23919,0.8302198645669916,2,2.1466188596414355,663,35,0
212,6931,0.3971835296184548,0,2.0640306698659345,778,51,0
213,34970,0.6680851365706462,4,1.5876114557324748,770,42,0
214,46215,0.20498429541582097,2,0.6997336422723563,683,62,1
215,14688,0.29314773026101326,1,1.8760888876720276,716,23,0
216,27342,0.8963358185211198,0,0.9837777671082919,607,38,0
217,39157,0.013001923510736035,3,2.322137405534767,666,23,1
218,4327,0.08550853085446808,0,2.17653071909141,300,49,0
219,42772,0.20788625514602732,1,1.9187659341747818,343,58,0
220,42545,0.026532203873819715,4,2.397691911662261,397,65,0
221,2197,0.18143543508979731,4,0.5628436430225459,564,60,1
222,25509,0.5830415609696922,4,1.972400850121524,439,56,0
223,36698,0.42142455059249795,3,1.1604855586728107,780,48,0
224,46542,0.8926717110769748,2,2.3121317713727305,536,59,0
225,17087,0.8174435617384409,2,1.0333503933239552,371,27,1
226,24671,0.34181735169787597,0,1.949712998630034,489,47,0
227,27184,0.2594234334312925,3,2.255294039301563,567,69,0
228,29848,0.3796924081672669,4,0.5833136367653649,620,35,1
229,44107,0.5902949425148077,4,1.2952951591840722,406,41,0
230,22666,0.26806364082287626,1,2.024618064043877,531,69,0
231,46357,0.624148907849134,1,1.4098377790151742,341,26,0
232,17708,0.4094116521912404,4,1.0345052595871906,438,48,0
233,28370,0.5520471808519802,4,0.93961069764638,572,32,1
234,4811,0.4361265291353167,3,0.7630365338327558,780,21,0
235,49011,0.29446575954191767,2,2.2142591197125645,715,57,0
236,8546,0.9484533069621567,1,1.650710806503112,805,26,0
237,36754,0.7636057941597608,2,0.652769889982912,723,62,0
238,32206,0.14011317576645255,3,1.2651606471412709,706,26,1
239,43106,0.8684679758979128,4,1.2354673016102198,689,43,0
240,13411,0.48743119824951364,2,0.863478381418926,641,21,0
241,4911,0.8945522268940914,4,1.3710152509443814,792,34,1
242,3734,0.7998552559473152,4,1.164198730786273,491,33,1
243,20227,0.42521350446923345,0,1.183607410984365,798,32,0
244,10680,0.022469308320117398,2,1.9780531155759173,532,52,0
245,21360,0.2686773593849461,2,0.9465267710103926,526,69,0
246,20343,0.5416342146608669,4,1.7837199177107108,670,22,0
247,7759,0.6334782198261473,3,1.6412992477618698,438,22,0
248,25078,0.2578876854332023,0,1.6361850246757346,448,37,0
249,37153,0.13935607407282413,4,1.8260146922835518,414,32,0
250,13111,0.8349302367992991,1,1.596764072391308,749,35,0
251,39504,0.9844021807035521,1,2.258510229692769,362,64,0
252,3802,0.5256901823026858,0,1.8511601839005196,403,19,1
253,10155,0.1716792858483035,3,1.5939265027427763,572,46,0
254,10120,0.27230732651936895,4,2.15952624057529,305,30,1
255,41384,0.018390676547466733,2,1.7122931298669595,446,21,0
256,49025,0.914298806560499,0,1.082288495570358,483,59,0
257,49254,0.11775108289014113,3,0.9141898363531424,327,62,1
258,23918,0.5765164755142536,2,0.8046555713253576,849,27,0
259,22445,0.274055220687206,1,2.2989104250922034,418,48,0
260,32306,0.5541780025157934,1,1.9202708635961316,592,58,1
261,18646,0.6514203883518642,2,2.3747568763286413,670,25,0
262,48843,0.8297418037072016,0,1.706583611429886,543,20,0
263,33065,0.2064212717606032,1,1.446801762989825,517,65,0
264,27199,0.010995828658480478,4,0.6194329779417787,476,63,0
265,43976,0.13688563006880727,2,1.8432845630920596,598,26,0
266,18371,0.9000186418481051,2,1.6644175195364623,357,47,0
267,13835,0.8738900775625152,1,2.480417787175243,568,28,0
268,47936,0.5974131021703083,0,0.9783175555644861,607,52,0
269,4049,0.6005168604336534,4,1.5614747105736717,587,54,0
270,33616,0.6650366745462555,0,1.8019146702361453,404,59,0
271,40191,0.1753712786234496,3,1.7891823494846872,527,30,0
272,49357,0.9144119459249598,3,1.6225870858968054,546,53,0
273,22932,0.4187705248920731,1,2.053856020654451,793,30,0
274,31855,0.38313852824949746,1,0.9099624190536328,382,29,0
275,9158,0.5189177052828375,1,1.9512544005488317,485,54,0
276,45016,0.046965966775055046,3,1.7394691428661784,551,27,0
277,9400,0.1662833687560794,0,2.2921502235891467,654,26,1
278,44642,0.7380336164263704,0,2.1943888780671634,509,69,0
279,17151,0.08279866792512647,1,1.1302940782651065,746,24,0
280,3154,0.6031521094663882,4,1.0524746499503062,759,19,0
281,6499,0.24534910968132095,0,2.4633066477048957,771,40,0
282,8295,0.38929561404197655,3,1.554530361830513,669,56,1
283,14183,0.28869373677069987,2,2.312841927828874,791,57,1
284,31299,0.35567271646494913,2,0.8277620475609644,436,56,0
285,14874,0.7190459051842455,2,1.7856378296003486,666,38,0
286,34711,0.297121715623175,4,2.1197203747211724,483,40,1
287,7539,0.5664046402968972,1,2.3947904991728937,586,46,1
288,44405,0.47605040219909966,3,1.174680282034047,771,31,0
289,4557,0.6636711653626481,4,1.949962339848105,674,43,0
290,40360,0.936829739324758,3,1.577626018079238,836,68,0
291,18482,0.7325720972102503,3,0.6212578521329364,810,22,1
292,4200,0.21494037859075676,1,1.8799994746178867,549,48,0
293,48940,0.031183135061284672,2,1.8801931164756869,809,42,0
294,4961,0.2622640442998251,1,2.361213609693074,372,48,0
295,48975,0.5950779307002548,4,1.4946248923379448,581,67,0
296,23357,0.05142581348425035,4,0.9605018414210293,659,37,0
297,13969,0.49636624720123634,4,0.5891276468973583,309,61,1
298,4869,0.5968428489168892,1,1.3312843733718114,510,34,0
299,48760,0.3342438908169608,3,1.1038334001550036,451,62,0
300,30643,0.7709122037458219,3,2.022176612047751,304,19,0
301,26736,0.1065982531337718,0,1.2085355296820932,494,42,0
302,40467,0.07513778173580876,4,2.398142392629688,582,30,0
303,25328,0.7281887562036033,3,2.4246204059755687,763,56,0
304,27876,0.49549131620619846,0,1.7418171804354161,412,45,0
305,23295,0.688402396427736,3,2.3573205740297656,570,59,0
306,5987,0.4348273386037462,4,2.0217086890289915,462,23,0
307,24399,0.2464020332391068,2,1.5937192819502524,759,20,0
308,48214,0.8191023176741997,4,0.8606158708455562,404,52,1
309,35986,0.7994158789689793,1,1.41719588702768,581,35,1
310,22880,0.6946964708544268,3,1.6217489267252352,461,28,0
311,6735,0.2721451372299627,3,2.22792316147002,650,37,0
312,46064,0.5902306668690871,1,1.4626667530713298,733,22,1
313,6555,0.3609738969400268,1,2.2953493453559135,439,36,0
314,43914,0.09158207332663415,2,1.8486979580469378,770,39,0
315,42818,0.9173135754622428,3,0.7739981261073428,431,36,1
316,47525,0.1368186309189614,3,2.4899627386501857,386,64,0
317,21830,0.9502373538208024,2,1.5544653215078252,482,33,0
318,19429,0.44600577295795574,0,1.2837165928181578,667,41,1
319,8893,0.18513292883861965,2,1.818227528939053,428,58,0
320,16373,0.5419009473783581,4,0.7177866279620781,545,21,0
321,49333,0.8729458358764083,3,1.7730772935067087,677,32,0
322,5436,0.7322248864095612,1,1.496472000998546,448,42,0
323,10754,0.8065611478614497,4,1.3133481399971663,732,61,0
324,12677,0.6587833667107174,3,2.406040042357798,768,52,0
325,7895,0.6922765645178525,2,1.5450794334641065,745,31,1
326,21738,0.8491956515653193,4,0.9382349589398769,780,66,0
327,32746,0.24966800885918594,3,1.4179269587545973,593,36,0
328,34352,0.4894249636431405,0,2.3387748091453453,442,55,0
329,41790,0.22120944181960223,0,0.8521909426611893,549,53,0
330,43919,0.987668007996647,1,0.9279140773764738,601,24,0
331,7600,0.9440593396866133,3,0.5260591355141675,324,47,1
332,31124,0.0394268113685059,0,0.5283800987915344,369,36,1
333,29643,0.7055751725156885,2,2.158783253917025,411,66,0
334,42764,0.9252483174156658,3,1.9642452136859117,663,42,0
335,11007,0.18057534512733353,2,1.2100821129039165,602,33,0
336,47714,0.5679452305526295,2,1.8966223144551455,770,64,0
337,39410,0.9154882975880418,0,1.2904118526199404,390,57,0
338,46080,0.03394597858579884,3,2.4057935919956552,829,68,0
339,42447,0.6974202672468399,4,2.43410536285207,491,25,1
340,10208,0.29734900737255077,0,1.2855875516186868,541,35,0
341,20589,0.9243961953765304,0,2.208443812681736,437,45,0
342,45484,0.9710582451653678,3,2.046178083394932,644,33,0
343,19453,0.9442664891134339,3,1.1199998743435786,479,69,0
344,38212,0.47421421665746377,2,0.9640796578022119,802,36,0
345,45525,0.8620426509893134,3,1.4164693007856677,502,59,0
346,49202,0.8445493985350704,2,2.0626976812288125,491,34,0
347,34635,0.31910047324325563,0,2.4203355694574906,304,62,0
348,35828,0.8289154741506773,1,2.027158137733145,536,30,0
349,20711,0.03700763471549262,4,2.21041397003674,610,24,0
350,5420,0.596269878482053,0,1.706128612341033,848,44,0
351,33216,0.23000883728770305,3,2.1708156616842516,355,27,0
352,2301,0.12056688577727881,4,2.068841716006835,742,51,0
353,47236,0.07695320162920916,1,1.2539710838525602,536,53,0
354,2699,0.6962887758781398,1,1.6039806042414422,496,42,0
355,2190,0.33987496376806614,2,2.1095062439793897,813,23,0
356,12492,0.7247667715287615,4,0.5921134683799127,748,41,0
357,37743,0.06535634079894237,2,2.11615856471166,659,35,0
358,8102,0.31529033783061033,0,0.8557762480980469,329,40,0
359,21778,0.5394912923753372,4,1.529367234242878,407,23,0
360,28641,0.7907231648389635,0,2.116550879111875,744,46,0
361,36584,0.3187525029320699,2,1.0076421563133897,737,42,1
362,34745,0.6258913764370091,4,0.991614878612306,756,34,0
363,25093,0.8859777482361871,2,1.3055287969245037,794,63,1
364,2569,0.6158631881823046,4,2.289285595155269,546,41,0
365,40210,0.23295947475363377,2,0.5008855628744158,842,28,0
366,36663,0.02440078155653802,1,2.30276619328387,738,43,1
367,38631,0.8700988739009299,2,0.8076140492832156,577,68,0
368,47681,0.021269410850387138,1,2.480172752134964,410,51,0
369,9455,0.8747016726841994,2,2.4096939860769364,684,45,0
370,6014,0.528937134027212,4,1.4893503791825666,490,20,0
371,13093,0.9390676985128962,4,1.5254404956252563,789,28,0
372,20070,0.7987832357736654,4,1.4630986805517086,725,55,0
373,37777,0.9979341105333375,3,1.7708872913190452,704,31,1
374,18538,0.35071181545171015,0,0.6814434044698621,634,68,0
375,12729,0.7671882889311269,4,0.565235896683133,508,43,1
376,36177,0.40193091360924216,1,0.6154058568317977,321,65,1
377,47017,0.47987562030390885,4,1.3887306984830288,507,38,0
378,2784,0.6275054632183701,3,1.0510958784389668,307,56,0
379,29751,0.8736771141863388,1,1.7440791247419876,828,47,1
380,42864,0.9840834691992951,3,2.4848845787495577,465,25,1
381,42328,0.7682734138645182,1,1.2726463461529318,795,68,0
382,14533,0.41776678216733376,2,1.6476825082090267,728,37,0
383,42111,0.4213570022770702,0,1.331207791814671,462,65,0
384,41974,0.7375823015888915,0,2.1945433354437185,665,49,0
385,7801,0.23877714576830233,3,2.304472806924476,825,39,0
386,21190,0.11047411313139466,0,2.25471122441052,538,24,0
387,40754,0.35462215764077654,3,2.448744477358515,371,26,0
388,31592,0.28723899165408173,3,0.5550383702808306,744,62,0
389,12647,0.2963081204559901,3,2.1796323242910622,808,18,0
390,10716,0.23360775104990994,0,2.0035443460781863,568,46,0
391,25355,0.04209318963636188,3,0.9573888188007296,714,25,0
392,24009,0.01787393473341381,0,2.412640186775055,544,21,0
393,26376,0.9877223897360315,3,0.7963558564598909,359,52,0
394,47091,0.42777313373586234,4,1.8590998542678168,305,20,0
395,6780,0.3843266471596817,3,0.949780433631825,706,62,0
396,4368,0.6796472826930698,1,1.3627612975481493,516,57,1
397,14039,0.21825388786506417,3,1.9383197938891379,325,24,0
398,8655,0.9499611839502253,2,1.6266492840660933,304,44,0
399,42941,0.786345014415552,3,1.3550036626562234,831,18,0
400,6495,0.08941100231225951,1,1.1526768618639744,689,44,1
401,12893,0.41758077578492836,1,2.1793193114175806,747,33,0
402,27547,0.8791183075621647,0,0.7876287006296274,445,55,0
403,24386,0.9447320222914103,4,1.3602057530596001,687,24,0
404,15403,0.4674015112498697,3,2.307515143550284,548,61,0
405,34097,0.6134113892107077,0,2.1916991009199354,825,40,0
406,15121,0.16703394609207523,4,1.3018835249460934,761,58,0
407,12966,0.9911686261369765,3,2.0262167272026166,312,28,0
408,35621,0.2316717013834434,2,2.1463216614177183,683,59,0
409,30312,0.9427317741351257,3,2.2777748480072595,698,50,0
410,24677,0.6496466489923685,1,1.589011538098456,318,67,0
411,33289,0.6077367948788591,1,0.9089217721094236,790,53,0
412,33024,0.5126885110165086,2,1.0106181530078633,718,54,0
413,44675,0.2306698117177587,0,1.0913893480832084,636,58,0
414,6777,0.17652803200550826,4,1.687604961619231,718,34,0
415,31749,0.22048620907017535,3,0.5656192482572169,421,52,0
416,17338,0.18643826214425452,1,1.7720849375599366,731,65,0
417,4491,0.7795844735667533,0,1.228708476856464,343,22,1
418,29236,0.3501252591667301,2,1.0904836049792843,616,65,0
419,16599,0.05784267656339637,1,2.2589931414562527,680,49,0
420,21508,0.9691026301408113,2,1.4200047911615978,444,20,0
421,5051,0.8837858849634257,3,0.6901060910653856,626,69,0
422,23606,0.927752283195213,4,2.153493536052494,662,64,0
423,23699,0.9949078226464353,1,0.5952825148730132,349,52,0
424,2876,0.1738952492194873,1,1.9534984483363933,364,69,0
425,34093,0.39624201890265875,3,2.0478124435413303,654,31,0
426,6142,0.7582384757040913,0,1.2052052118577163,463,65,0
427,17202,0.6960206180537922,4,2.1495757125555732,440,48,0
428,41734,0.15389590633985506,1,1.5313188117129068,427,48,0
429,9079,0.8158331249906178,4,1.4265873065455936,697,34,0
430,9987,0.22444057183666066,1,0.5908065629373851,762,41,0
431,41567,0.22381761482262308,4,1.0800583872978118,486,69,0
432,30940,0.5369744228934136,2,2.3620199417705994,489,40,1
433,39233,0.5929399348417032,1,1.283647926567,687,35,1
434,19019,0.5800862078378112,4,1.5934010411135366,728,67,0
435,48185,0.09148683739775487,0,1.5640433579685036,583,31,0
436,20077,0.8774608626303804,2,1.6808621796453866,536,67,0
437,28258,0.26560004258870606,2,0.6226619112865652,493,32,0
438,23136,0.12951492128280417,0,1.2243525095974566,586,32,0
439,10311,0.8887480798689772,4,1.9462565477651084,435,23,0
440,19214,0.9556514982297534,3,0.9011205021459658,470,44,0
441,16098,0.8621276172654506,0,0.9071567550927209,458,32,1
442,30251,0.8095160747248781,4,0.5201812133780495,500,67,0
443,39945,0.6552419806390217,0,1.3749638532164195,786,53,0
444,49030,0.5508573706091393,0,2.265468761346844,803,25,0
445,27945,0.08698675991141014,1,0.603801887174618,670,32,0
446,27316,0.4084532130706987,4,0.8822374189920053,402,20,0
447,34217,0.372688517012314,3,1.1201690766855101,424,64,0
448,10308,0.2597537837603262,1,1.9634494731284258,612,30,0
449,7949,0.7234201136885849,0,1.781271185605173,757,58,0
450,3150,0.4958757350787708,0,1.33188780916371,529,51,0
451,25944,0.08104621590764793,0,2.018137878516751,496,41,0
452,36699,0.22018320194981134,4,1.7192620233138038,722,57,0
453,11204,0.6832587636595959,4,2.292081599314438,470,49,0
454,3081,0.07613085949030018,1,2.136053498277386,681,49,0
455,31305,0.8512069140487687,3,1.0056272121784011,472,47,0
456,18896,0.4951465270139743,1,1.0428771552684004,752,69,0
457,48175,0.480586577326648,2,0.7507129515847712,649,66,0
458,9805,0.5924077846595176,0,1.173929451434913,793,30,0
459,7237,0.8246809659251492,0,2.4990878374381884,303,18,1
460,22056,0.34780920790219305,0,1.311502337230122,392,51,0
461,47543,0.6780161525590636,1,0.9409768693782128,305,32,0
462,47952,0.5657319639957911,1,2.0249657689511062,587,61,0
463,5343,0.2670282701694213,0,1.5849420069253122,445,31,1
464,15500,0.878629986355158,1,0.7992028990539051,723,46,0
465,31375,0.7974260216069281,4,1.2613793623217315,756,51,0
466,11662,0.6584518346584255,4,1.3289394310786866,501,35,0
467,18964,0.8505817290942419,1,2.0076594011384374,511,24,0
468,49893,0.8672942009598024,0,0.5413427377838089,305,46,0
469,10130,0.7083629767150348,1,1.038039293596621,675,48,0
470,21531,0.837013328363672,1,1.535192602631044,746,42,0
471,3679,0.6974714616692836,1,1.0376934849056867,405,55,1
472,5506,0.6801407717603004,2,1.7568680948379978,700,31,0
473,15284,0.6186113782151843,4,1.4637349585492332,395,25,0
474,9253,0.7527166395576412,3,1.2234205097191613,687,44,0
475,21128,0.1586051052930737,3,2.3984172537410244,751,19,0
476,29932,0.8808707591989284,2,1.7643189983729148,715,34,0
477,11435,0.871843527745232,1,0.7598827445358824,803,54,0
478,46078,0.029247283034559146,2,1.620183394886791,753,31,0
479,15296,0.8258167505647627,2,2.0614637064018018,590,42,0
480,32445,0.1288698674734452,0,1.9169793949855947,833,47,0
481,15245,0.3351188542591419,4,0.8441784585905188,492,46,0
482,31124,0.7435082562916078,3,2.444839998080207,449,37,0
483,31899,0.1607598960483082,1,1.397627291493212,814,38,0
484,45919,0.8179670241190622,3,0.8180500074805226,692,39,0
485,45225,0.8321341779577419,3,0.8603915082562958,615,52,1
486,37247,0.5074677337608362,4,0.696469984378161,375,54,1
487,31222,0.00638587171683358,3,2.1070362168698686,569,33,0
488,28211,0.2870381331749128,3,0.7440609886436973,524,67,0
489,39220,0.6169269183757422,2,0.7502505142834939,829,66,0
490,28646,0.9811861780274235,4,2.200943229521675,412,60,0
491,40649,0.6318135270166684,0,1.1892081688951193,550,34,0
492,25049,0.2598035810641598,1,0.5617158086161449,532,33,0
493,16069,0.6340057030996114,3,0.6037905990368218,382,19,0
494,34580,0.5399853797158555,1,0.7843408934077911,424,21,0
495,33843,0.7798453951511436,0,0.9267866959513791,474,38,0
496,4849,0.10698063882695841,1,1.8302923884768107,368,56,0
497,42158,0.761027902502028,0,0.8146525600036565,346,51,0
498,25289,0.5412665786761103,2,0.737748782354144,555,47,0
499,46690,0.9629920038589946,3,2.029438282952558,329,23,0
500,37257,0.3418721660386861,0,1.8421105677198288,580,34,0
501,11823,0.6326218931339481,1,1.3706484429104724,536,56,0
502,43975,0.9320281055100175,3,1.598619542960208,547,42,0
503,11540,0.10250972799067926,2,1.123968040652837,667,22,0
504,18364,0.9372284872364511,3,1.4650008404707213,794,22,0
505,6611,0.6878857223008134,0,1.5133452979654916,324,37,0
506,29663,0.0678370591051719,2,1.2744745423561918,789,33,0
507,40646,0.30096356694681625,1,2.3131444213443255,793,68,0
508,32977,0.7081720886452816,2,0.5321237299620123,613,58,0
509,31168,0.0673506014687717,2,2.064342526182492,674,54,0
510,27471,0.5821704601762733,4,0.7487656624826486,324,57,0
511,24687,0.34588305695295674,2,2.095094721074399,633,26,1
512,2851,0.6209155177674771,2,1.7318238313534424,654,22,0
513,20071,0.04574203381251285,3,2.1865561818728048,415,59,0
514,8833,0.8715368061523763,1,0.6950286512817949,347,19,0
515,13938,0.9734889691773969,3,1.617961268199548,398,26,0
516,37195,0.9688778552856915,3,1.5021757605243942,758,60,1
517,28144,0.7496518317429247,0,1.9123863659267173,822,53,0
518,6000,0.13008624013063197,3,1.5685811037873516,704,39,0
519,7052,0.7582631959290226,4,1.5814691342662084,513,39,0
520,37506,0.02458691645880151,4,1.3591918871521294,802,39,0
521,30074,0.022123551528997254,0,1.1176688480146817,747,51,0
522,40155,0.32361021914954125,1,1.4645287225043844,557,46,0
523,42770,0.48864319040466575,1,0.7369847175368012,420,55,0
524,34320,0.7704074178077932,3,2.4230266779661696,353,63,0
525,40304,0.6832953766065052,3,1.9288215272531966,630,50,0
526,48247,0.44590270637674834,3,2.404934233375694,540,35,1
527,5913,0.2736266662816659,1,0.9534547646599265,829,24,0
528,19450,0.9971245001577111,2,2.2586820403530563,782,18,0
529,26107,0.42618130223597295,4,2.117579969127077,486,50,0
530,22764,0.4513870243296755,2,1.8543048249153473,561,18,0
531,45404,0.16362382119166918,2,1.7500583721704115,663,41,0
532,22491,0.7948095487499294,1,1.13309933053574,790,21,0
533,40494,0.6936822257814886,2,2.1328215699300612,730,21,0
534,5373,0.2207696127887604,0,1.5030309229594676,538,35,0
535,14161,0.0823810456158427,3,0.6417831517825707,603,44,1
536,33996,0.6804993020747131,0,1.12572632171026,597,60,0
537,29122,0.6545112142811352,4,2.3705941970906554,375,49,0
538,36850,0.2732595269982093,3,2.2013605212096925,632,50,1
539,29350,0.9508635622504104,2,2.463811396153078,773,45,0
540,29472,0.15105789178090023,4,1.7559867652081962,582,59,0
541,30761,0.4323348010426019,3,0.9950201462808239,371,58,0
542,27351,0.9436159201675989,2,0.8256300993537276,562,53,0
543,25132,0.4197273169261223,0,0.8738288812169233,311,23,1
544,17305,0.6385259476640855,3,0.5395913166945088,440,33,1
545,11817,0.3975943979627943,2,1.2813642219718784,316,51,0
546,13261,0.27421520234867003,0,0.882855360999085,362,40,0
547,2417,0.9839776479598282,4,1.3233109209134049,552,67,1
548,43576,0.409334006315043,4,2.3699888636775306,764,59,0
549,22358,0.8940992036791344,4,1.36108041901438,675,41,0
550,5267,0.22995460589108618,4,2.2559689939696694,819,66,0
551,19209,0.2131047040250833,1,1.711009533231753,389,30,1
552,26052,0.03113408288451136,3,0.9942631093227838,474,35,1
553,40513,0.651666825375885,3,1.2117095185184228,375,30,0
554,28092,0.36852634372376114,1,0.6678390716428588,699,66,0
555,13338,0.864358249839637,2,1.166925187192021,370,54,0
556,2412,0.47320990669155716,2,1.855081891007068,479,60,0
557,9543,0.9681934279147217,4,0.6442221858588704,423,56,0
558,42355,0.18552551570312115,0,0.9108028169560587,680,59,0
559,35496,0.8686231679556108,2,1.262882082826623,592,34,0
560,25548,0.7765968527917417,0,2.464099074031925,494,32,0
561,29384,0.770921844644052,3,2.0697236459177604,527,35,0
562,46425,0.8447832281168877,0,1.9669734929842078,730,40,1
563,40756,0.7610239909429989,3,0.732381913050892,735,68,0
564,20888,0.6262203216314154,1,2.061991787229983,760,47,0
565,37735,0.13124487768238757,1,2.0705376230320303,320,51,0
566,49295,0.032526179491251916,4,1.7022053912486566,363,21,0
567,19506,0.9208478478156868,2,2.4807235639967438,464,20,1
568,22463,0.616650314520738,4,1.150507811849104,326,24,0
569,19955,0.7965372909761763,3,2.3825448964837035,610,35,0
570,39841,0.4815223515125501,4,2.329462229913007,584,59,0
571,7104,0.11730818896239448,0,0.5229613194987557,580,24,0
572,36911,0.12518579220255044,3,1.400233052949622,463,57,0
573,25190,0.6855652872289714,1,2.4542084661031467,523,23,0
574,9357,0.4303058948994627,2,0.7062427248161516,445,39,0
575,34479,0.20052472670033672,3,1.595569388766639,329,18,0
576,46811,0.4915945467414369,3,2.457915014082208,344,21,0
577,38208,0.06420893707513409,0,1.6109908482117203,770,63,0
578,22150,0.5819714019143988,2,0.879630605944312,333,66,0
579,7644,0.26899340443509767,1,1.6643664601851795,726,69,0
580,45286,0.7975591006371882,3,0.9088811478990937,520,67,1
581,49320,0.31036195892357377,3,1.5394085257889685,833,60,1
582,4914,0.4552201490818012,0,0.648084435824696,666,46,0
583,23352,0.011620539908100636,4,1.7109653384288093,849,38,0
584,48352,0.07244688779455888,1,1.5335798782563164,415,43,0
585,46912,0.3924935564066848,2,1.9803227375229262,538,31,0
586,16397,0.4799388347171235,3,1.76140094231757,634,26,0
587,43555,0.6000205481193037,3,1.5992125370615133,740,64,0
588,48959,0.29166257870930323,1,1.8795576984962423,447,29,0
589,2728,0.6949818861265425,4,0.7878838271444617,308,59,0
590,2698,0.8601223971892046,3,1.6907193225172081,587,68,1
591,41954,0.7798509888933498,1,0.8442212056455554,687,68,0
592,49280,0.039618825348357145,0,2.351044415703762,349,23,0
593,15923,0.48050694725782894,4,0.6366682096912084,816,37,0
594,18779,0.10493017841817487,2,1.3607494993815865,577,41,0
595,9400,0.24204501586252747,3,1.8915949553108897,599,44,1
596,26466,0.9866625932671464,1,1.4160444233365175,434,55,0
597,38939,0.14249554290151323,0,0.6841905064658047,446,25,0
598,6360,0.49888815345135606,2,1.6067580322534147,789,18,0
599,37270,0.6181557343181191,1,1.783263817654709,777,66,0
600,19101,0.702464970544104,1,1.9075846219810153,458,66,0
601,34307,0.5596486834869141,2,1.2465196289255178,683,41,0
602,7486,0.00977084741918366,0,1.6273199420575244,462,64,0
603,10335,0.3264613082439919,0,1.4013729498778262,740,24,0
604,23364,0.5177116433847114,4,1.8441120775045068,488,36,0
605,39259,0.08786649914483335,3,1.667113934649637,714,39,0
606,25576,0.35062693120918076,2,1.5515124391182697,638,52,0
607,33667,0.033203108791366565,2,0.9990487336764973,480,47,0
608,13130,0.07857849715502074,2,0.5040370354964678,587,46,0
609,23972,0.39692327620159606,0,0.8481633506228585,486,39,0
610,42419,0.13271575404306035,3,0.7341320828483373,437,28,0
611,3167,0.5675408482615582,4,1.3981694900218935,429,37,0
612,29192,0.6894649691372657,1,1.7245163015236893,493,46,0
613,3062,0.8005866991090829,1,0.9261700173696163,615,68,1
614,20540,0.2001502442448101,2,2.3781141919343742,443,58,0
615,26244,0.16748258225906976,3,0.5133642584477756,315,59,0
616,23545,0.10456784033440025,0,2.0446020303306858,601,51,0
617,23689,0.6364302495436367,3,1.7504095390608845,722,18,0
618,13174,0.7064757264869012,3,1.2471096020953638,544,48,0
619,24925,0.03158614482564204,0,0.6009778888248158,406,47,0
620,39497,0.9362122462436898,2,1.7549731435685587,387,65,0
621,11348,0.05197128365147241,3,1.271227025731296,428,35,0
622,25714,0.5412963353010705,1,2.3725342788264383,640,34,0
623,40102,0.7090605194509164,0,1.5839801497795318,303,55,0
624,10924,0.8709691237460856,4,2.3793030225870164,626,31,0
625,39098,0.7140869321324278,2,0.9409673869466082,709,40,0
626,26394,0.8017280830697918,0,1.9514518207282066,605,42,0
627,8801,0.33945019254280606,4,1.7344980416974514,524,32,0
628,39614,0.8148251137465122,4,1.9788164596626237,647,63,0
629,8731,0.08011484638467514,3,0.9293357279450736,620,39,0
630,25625,0.8948166560605276,3,1.8299890324755475,480,20,0
631,19337,0.5475923761537362,3,1.496080786113738,685,36,1
632,37307,0.8172977699624937,0,1.9856499498126325,407,61,1
633,9056,0.45231828451830014,0,1.1540892883036356,830,51,0
634,13516,0.643577695196525,2,2.2801140509305053,709,52,0
635,46261,0.5264026609361132,3,0.6686026292227008,595,67,0
636,3542,0.7315895217553319,4,2.114378637582376,470,18,1
637,23677,0.08162998203058958,1,2.2226392516301816,630,69,0
638,48732,0.0603520839905638,2,2.134504622733642,792,38,0
639,41081,0.24710323401014644,0,1.525452788523552,494,46,0
640,29569,0.15954468011318834,2,1.3767699600615226,311,23,0
641,25322,0.8717835665922017,2,2.492524573049754,494,54,0
642,21065,0.21921398735804432,2,0.9583439024283242,789,18,0
643,19924,0.9758652558191313,2,1.5937519317520892,481,68,0
644,24556,0.33689579177110685,1,1.841351050764651,615,18,1
645,28962,0.18211791568869928,3,1.901735271722864,329,44,0
646,30295,0.7896985071424791,4,0.9080493314771574,395,38,0
647,15807,0.6587077755008761,2,1.8079881846796024,680,33,0
648,44348,0.498195716453139,2,2.1367391329626746,743,61,1
649,28432,0.5553635509376312,2,0.6000371536422244,597,57,0
650,19749,0.7192017782722638,3,2.323042586650633,660,43,0
651,43459,0.22845474133129873,0,0.5590081102904119,673,33,0
652,28256,0.9963339160567419,0,1.2119420649767887,602,45,0
653,42262,0.9747931621467831,1,0.5316263924659241,720,18,0
654,39080,0.6503256863469369,0,0.6542903370791637,545,53,0
655,3324,0.19954245092914513,2,2.322336570360158,536,27,0
656,27731,0.6802282424312913,2,1.2097216614922957,833,60,1
657,37909,0.07219840897917584,2,1.3495430608501058,484,34,0
658,25803,0.030652502205806065,1,0.9306887627651053,767,40,0
659,21870,0.2576828885112137,2,1.6941915403734396,662,24,0
660,36578,0.4626229567393163,0,1.6896064293555793,582,61,0
661,8588,0.8682725054083805,3,1.2444007836504385,635,24,1
662,40069,0.727169069766308,3,1.1660697436107967,461,61,0
663,28790,0.742706521199981,4,2.2699286163611756,459,32,0
664,27289,0.42549333444807536,0,1.2665684792844027,773,51,0
665,30178,0.3459349925469629,2,1.4870019843088165,621,63,0
666,30710,0.3710387629846027,3,1.0666095248498613,311,62,0
667,17485,0.9876495637360578,0,2.0735390067142547,723,21,0
668,46482,0.04010919141248248,3,1.2948963137981833,372,31,0
669,22652,0.8670314961224486,2,1.527222093088649,500,31,0
670,6748,0.5786754085723934,3,1.0067143401193228,821,33,0
671,23233,0.43861541918959046,4,2.475319184682504,804,24,0
672,11435,0.7252576604151365,4,1.0829914818474458,338,49,1
673,5709,0.48666894142470285,3,2.0414850618111036,359,36,0
674,32355,0.8734232380816606,0,1.3549913007135184,620,19,0
675,15116,0.9007018640112585,0,0.9124348101682798,734,27,0
676,27470,0.4217209268734554,0,2.099437527929722,707,67,0
677,44344,0.2768277972350516,3,1.1672135780580863,685,34,0
678,44918,0.5923503285933622,0,2.230386694795622,377,54,1
679,41298,0.912363345616691,2,2.330514369835646,493,29,0
680,44956,0.21066218900566658,4,2.219647670782552,584,23,1
681,16683,0.6229665835634828,2,0.5700158296136113,826,39,0
682,2504,0.6315602200925206,0,2.074746690010211,823,49,0
683,35982,0.733113022415281,2,1.3226789329982878,455,58,1
684,36299,0.1315676851272598,0,2.24744584036445,639,37,0
685,30016,0.7158249646820886,3,1.7759085253694775,424,18,1
686,25960,0.909032520665641,2,2.167286268287917,579,64,0
687,35591,0.17968310887024197,3,1.4988635397336707,427,23,1
688,19312,0.23754332492387764,3,1.5700510091978657,613,36,0
689,39797,0.9713950940416396,1,0.7887752642673345,631,35,0
690,48196,0.18097695270948977,0,2.0679747173787106,449,23,0
691,4105,0.8543850933695791,4,1.3387792233339433,753,62,1
692,38395,0.4922778564480348,0,1.5001602365431652,335,50,0
693,47740,0.24723107440317704,4,2.070195428191415,719,40,0
694,24700,0.8707499012725114,0,1.697690800158878,321,40,0
695,36620,0.4453052550026655,3,0.9021974548853349,505,43,0
696,39678,0.5148173539296902,2,1.6804653183017855,655,30,0
697,22559,0.3592333693997657,2,1.3152657159593115,739,24,0
698,29509,0.5929508514349274,1,1.4390510840877253,395,32,0
699,29860,0.16352387258502277,4,0.5566225488053356,463,61,0
700,13003,0.3910815366517607,4,0.9200586990325632,447,44,0
701,23732,0.9694123223352875,4,1.0620761627620565,829,43,0
702,27826,0.25813343270112754,3,1.9259200157176115,593,50,0
703,32354,0.6567366645412922,4,0.5229849465962306,494,32,1
704,15843,0.3251900642246949,2,1.317554522458264,779,53,0
705,46472,0.7734731256866006,3,2.3480537408514657,422,62,0
706,8190,0.13087366071834983,0,0.7237612330982477,699,44,0
707,19640,0.9698210450785447,4,1.532848776437222,751,22,0
708,40413,0.45378954138363925,4,2.0730447647816943,403,19,0
709,44356,0.23605046334646396,0,2.3850626150402334,761,50,0
710,46597,0.07349674733001266,4,1.993553279067436,695,33,0
711,42821,0.16975790508754074,0,1.9411310972888123,636,40,0
712,5330,0.5197739485560177,3,2.1529761803915246,441,55,0
713,21087,0.3370031764312863,2,1.3924024419550873,616,33,0
714,43430,0.8288833658826095,0,2.111689065235666,826,31,1
715,26504,0.43088752366180594,1,0.5159288094909023,700,46,0
716,9114,0.2487142725876299,0,2.3491221107536098,609,43,0
717,15323,0.61714498660403,4,1.3866130190343506,794,52,1
718,36121,0.7067772168854458,3,1.6067603757314952,408,32,0
719,12975,0.16704190790094986,3,1.0097644978297646,671,20,0
720,13023,0.16761921628831766,0,1.9850616656808429,505,40,0
721,23447,0.03667142693354297,2,0.6532716129504976,342,46,1
722,26933,0.7364020150656405,1,2.2452716050936705,544,51,1
723,25959,0.6638045276218051,3,2.1562336580126855,586,50,0
724,2667,0.4746308757498139,4,0.9321202324895328,654,58,0
725,31703,0.8441704489691971,4,2.1186487965705245,775,58,0
726,11337,0.8056701529500532,2,2.072715466122963,382,40,0
727,48427,0.5853543643967521,3,1.764433195507898,409,24,0
728,38487,0.8682712805132586,0,1.247040353799375,489,20,1
729,21129,0.20584121003676825,4,1.0429975083637357,550,49,0
730,42251,0.11191961939772788,2,0.9635671805787,590,48,0
731,33921,0.2697496115169896,3,1.1372179255272143,500,35,0
732,35307,0.05708685608931485,3,2.3071168868650607,625,60,0
733,29355,0.531169528001032,3,0.6552815519775625,810,24,0
734,39732,0.9366056922949615,3,2.1577425525059173,708,58,0
735,6835,0.03934354066850965,3,1.1977801500836471,807,18,1
736,22159,0.1221099140100268,4,1.5431987920227164,371,31,1
737,40810,0.4521990282834353,2,2.0889712672969813,546,69,0
738,49605,0.9338750175279049,3,2.268753094045943,643,49,1
739,42080,0.3161561049767505,1,1.189562840145294,353,23,0
740,40088,0.5072348086883924,1,1.4236869625502206,827,56,0
741,15216,0.0415728590503921,2,1.3290321296335845,831,27,0
742,37547,0.14834320096208886,0,0.5265020670078211,492,24,0
743,33471,0.9866301229588469,0,1.0918857777173132,357,43,1
744,19308,0.9651186964360455,0,1.4183784674651236,736,51,0
745,29532,0.004939980934409616,1,1.3221872177608796,410,47,0
746,36349,0.951811785423239,0,1.943858455031359,428,53,0
747,47445,0.6391199378155004,4,1.2696072344422065,625,38,0
748,7713,0.8679182945200221,3,1.4787528979413405,307,34,0
749,6804,0.4547398556338591,1,1.3592171842647267,328,50,0
750,12136,0.5155960285792502,2,1.981252297788741,411,27,0
751,2009,0.4888465802569202,2,2.2259447979739253,430,68,0
752,21255,0.6668642575461043,3,1.5637781580150283,487,64,0
753,25793,0.1396512547563129,1,2.0788643883903823,774,59,0
754,31548,0.029973589872677953,0,1.0935733640397012,663,68,0
755,39892,0.3079299415911909,0,1.5827392203145374,503,29,0
756,3015,0.7046807627366467,4,1.190459907339945,511,33,1
757,29712,0.20185345212294836,4,1.3284018511436606,575,58,0
758,36961,0.6734324333249173,0,1.9648277296253371,372,49,0
759,10415,0.9699120461072704,2,2.2633249646654257,542,32,1
760,48318,0.09390071578941839,2,0.7429907821755308,401,44,0
761,49280,0.6726021182251263,4,1.769278512974761,470,45,0
762,25833,0.44375021930457115,3,1.664287615155597,487,34,1
763,6158,0.8681422543775054,0,0.7368300783518638,740,63,0
764,22309,0.1771497894473859,4,0.9237886608802182,385,67,0
765,8970,0.6926259522261645,4,1.1220049894653605,775,19,0
766,8938,0.8381152896481102,0,0.8338621416350029,351,53,1
767,23168,0.9446142194740232,0,0.9874589650486836,410,67,1
768,48540,0.6832480282896458,2,1.035201597723415,342,24,0
769,22384,0.4971747640084273,3,1.1713476660781192,510,30,0
770,20017,0.6178472402012138,3,1.998780905602318,499,32,0
771,12344,0.8689049844787182,0,1.6438244077012014,325,42,1
772,42034,0.5706097466388297,1,2.472493343902803,598,40,1
773,10702,0.03038705969683686,4,1.329471653934942,376,39,0
774,2384,0.9309486955069778,4,2.00773014767385,436,43,1
775,2404,0.6895267510315611,0,2.2429368427530676,319,50,0
776,42943,0.6765133857772465,1,1.8579569860760838,739,28,0
777,49926,0.21567515239771717,2,1.323729480834992,510,27,0
778,31189,0.6588854702326572,0,2.007189261491506,734,42,0
779,14763,0.3938644056541585,0,0.9073342755453697,506,54,0
780,20384,0.6512329770414921,4,1.1551043303602648,738,65,0
781,34606,0.10659303030799072,0,1.5933705101985776,341,60,1
782,11860,0.657845304603036,0,1.6508187745722966,710,55,0
783,40757,0.9994137257706666,0,0.5442829509452589,822,58,0
784,17106,0.04821203886055603,4,2.3902283775120177,726,62,0
785,25574,0.9771741842213173,2,1.89325454243478,574,41,1
786,25524,0.4069079607228706,2,1.4914075004637821,747,57,0
787,5636,0.8707534503372591,0,2.3662544688166167,668,63,0
788,12916,0.7823854840582735,4,1.378191130501657,519,50,0
789,6809,0.5670162609866678,2,2.4608711405407435,531,34,0
790,34201,0.7384492092513265,2,1.5245695144869702,627,41,0
791,15456,0.8785155613013479,2,0.7285715399959589,742,54,0
792,40765,0.404140321651033,4,2.0296019449185545,351,19,1
793,36816,0.3270331615632387,4,1.857795450155681,675,49,0
794,47106,0.6675933855635847,0,2.0459734426111735,562,41,0
795,19100,0.8078459419412586,3,2.402884057451362,566,26,0
796,23949,0.7622851347766157,2,2.0529786053020365,658,21,0
797,6544,0.7978136488586345,3,1.7226732044332937,616,34,0
798,39744,0.435583314812933,4,2.214617804721682,623,34,0
799,47543,0.8178342161750216,4,1.846492878709063,720,67,0
800,44783,0.12020905537060844,4,1.3162381136518462,345,65,0
801,28657,0.5444890979608495,3,2.2712395284835463,568,47,0
802,38187,0.0057586604981215705,4,0.9438009215687457,680,57,0
803,49198,0.3245858299002703,0,1.9292825498174484,417,28,0
804,9239,0.3664615348713979,4,2.263126909881514,415,38,1
805,16489,0.3961726916092554,1,1.9626330394065925,559,38,0
806,45125,0.6954672066898622,3,1.8945508381077139,374,35,0
807,30538,0.38855810127034573,1,2.005276588143672,779,46,0
808,34049,0.44869362262253065,4,1.4301104966012887,604,41,0
809,39131,0.23754413087432746,0,2.2483413643140517,306,27,0
810,44944,0.3732517916293401,2,0.9068729502721824,665,62,1
811,10427,0.22726962726315147,4,0.7547728320006786,822,34,0
812,43348,0.07319592376844364,0,1.071017560237023,647,35,0
813,26285,0.6034485933813779,3,1.5631547935499863,737,59,0
814,39626,0.6682127985550163,1,1.5211235908186762,514,65,0
815,44808,0.6194903460096145,1,2.1411975153531735,728,37,0
816,24928,0.46349404380057235,1,1.3091373128080348,797,54,0
817,21198,0.3797857801792298,3,1.4686888525830173,839,62,0
818,21758,0.8633336495718252,0,0.5267353665187913,666,35,1
819,17254,0.519081785136218,3,1.3194784728858782,612,34,0
820,46238,0.47918187762973097,1,1.7955484659006842,837,26,0
821,3252,0.025642065806435688,4,0.5310166612531844,353,31,0
822,41764,0.34124782762615635,2,1.0617639303724875,840,66,0
823,14173,0.38019561878585706,3,0.9159127185787799,766,46,0
824,39441,0.3988227808969005,3,0.5839708578191765,463,48,0
825,28698,0.5801723692273323,0,1.458520179829075,633,21,1
826,17781,0.5336025467268785,0,0.863446586456313,846,35,1
827,15051,0.6079050927934446,3,1.9861630792627603,647,37,1
828,41649,0.7648832615421283,1,2.195855767526697,572,64,0
829,8949,0.8129857387160935,2,1.5911703653382956,713,60,0
830,44289,0.7181230762264944,0,2.463414685042283,799,61,0
831,10017,0.9555236959549347,1,1.4009571429411907,392,26,0
832,8941,0.01823258267636163,4,1.526736420449831,378,30,0
833,27934,0.1957779856835461,0,2.4784355079155,516,32,0
834,25386,0.00756287497814212,1,0.9630968719300976,657,44,0
835,12209,0.647474714154603,1,2.3850918793538103,806,32,0
836,19715,0.8980305489499869,2,0.5856751102382265,480,45,0
837,30920,0.24348229657629927,2,1.3927737805263896,545,54,0
838,33703,0.9270345447963066,4,0.6400070242661315,543,36,0
839,44318,0.06026739028956085,1,1.958469485827286,805,43,0
840,6637,0.9344360268055143,1,1.7168178717600355,721,69,0
841,6854,0.3516226872396344,2,1.9132685269351928,619,43,0
842,45088,0.10142082844921652,0,1.248960799936034,386,42,0
843,39660,0.48587175918632564,0,1.2389638680627606,516,43,0
844,41811,0.25677656772050794,3,0.5906385579217892,789,43,0
845,21856,0.28487290196192283,2,1.1998898790592796,818,63,0
846,23833,0.3072899649262866,3,2.3585768045241187,577,45,0
847,21963,0.8030258978326634,2,1.258453074360898,468,66,0
848,38932,0.5391612766752545,4,2.16273541244394,629,35,0
849,29169,0.31130769915600365,1,2.184651009499868,740,49,0
850,9941,0.6103337833109184,4,1.2464823127584677,690,20,1
851,16388,0.7161506742231936,2,1.763977360792378,795,19,0
852,7569,0.27262400073353377,1,0.6907432045461173,680,50,0
853,6300,0.4135491015253515,0,0.707357161468553,605,59,0
854,41037,0.12188609333694755,0,0.5973153273234266,812,36,0
855,38586,0.18114934953468032,3,1.662030186750219,487,34,0
856,14015,0.6811178539649828,2,1.352141955252194,815,61,0
857,47002,0.18143834769562694,2,1.5960647133284802,726,50,1
858,8254,0.5251633836670602,0,1.5421463810167757,801,29,0
859,19144,0.7090462617224327,4,1.2004059821814606,559,66,0
860,26214,0.10687692309474384,1,1.8549468296469458,812,20,0
861,42118,0.5673122196289035,4,2.0170037618327816,370,60,1
862,17183,0.25656278370136376,4,0.5292565177553514,777,66,0
863,8238,0.9629268752375798,0,0.9144845995377566,477,43,0
864,8090,0.4835456467199247,0,1.9264717361666737,756,52,0
865,13637,0.8059925497751581,0,1.2732403452676684,488,25,0
866,24415,0.5502265421562618,3,1.8249678938832163,590,69,0
867,26071,0.043412532854819164,4,1.1939253194691168,819,53,0
868,47415,0.6331513755940223,2,1.2815103046592742,591,24,0
869,44679,0.951403342206657,1,0.8173577473793698,582,63,0
870,43240,0.6016118201463312,3,1.01646203933232,843,63,1
871,20271,0.8191888594267902,2,1.7108235150151745,676,53,0
872,38034,0.8842064633484078,4,1.3663262226303328,455,33,1
873,35434,0.22807977194893247,0,2.0486053658891903,807,41,0
874,6188,0.21204483990822665,4,2.2051699098766857,712,18,0
875,12161,0.6109809888509917,1,1.5832928364335197,827,66,0
876,30732,0.4110284698067047,3,2.0165345841121183,654,42,0
877,13314,0.8398613028667203,3,1.11380902638914,486,27,0
878,25954,0.9000231233980112,1,1.3299424308001564,330,33,0
879,23508,0.3534213793027181,2,1.925555352433662,559,33,0
880,23969,0.23687055897448206,2,1.2724239856340613,720,25,0
881,47659,0.7805255152438618,3,1.6770098703179777,828,46,0
882,39545,0.2748060355481361,3,0.870745558165023,603,56,0
883,38668,0.8226143185136784,0,1.699542629940996,338,45,0
884,25061,0.42373825364876283,2,2.223027414453787,788,23,0
885,15716,0.6675498992914705,1,2.2372792796468515,841,33,1
886,41749,0.09553531383466818,2,1.9486888126590793,577,37,0
887,41144,0.623859324676573,0,1.991506758152252,502,33,0
888,18907,0.4517676787372291,3,1.6158548903014014,365,24,0
889,20777,0.5866084631754741,3,1.6693361803316495,407,58,0
890,29693,0.16801420774486342,0,0.767301162821036,567,31,1
891,44928,0.7368737449441821,1,1.3877183768426022,521,60,0
892,28329,0.8627970775432285,3,1.4015525677727276,829,43,0
893,48892,0.21673980009077565,4,2.4169956713354805,389,43,0
894,18282,0.09571455552016173,3,1.3621737252465789,554,31,0
895,25624,0.023638586046336396,4,1.5986852898055153,754,24,1
896,25321,0.641971500443266,0,1.566502798558205,552,50,0
897,12488,0.6070940360887808,0,1.7735234340886543,556,43,0
898,24574,0.54669741271407,3,1.9964656626637918,682,62,0
899,7240,0.23194709611597542,2,0.9500837523417442,741,37,0
900,45221,0.39090599590551467,4,1.5574488381968714,389,20,0
901,12478,0.594476335186173,1,2.151835414632061,689,69,0
902,47162,0.4967668588591694,3,1.426229427675023,343,21,0
903,21262,0.9877855202148873,1,1.056915092747146,318,43,1
904,6432,0.13643975255673313,3,1.8094181507125982,400,28,0
905,31721,0.6951445540475938,2,2.147534791598246,656,19,0
906,15568,0.4043187681042921,2,0.6262805858547826,841,31,0
907,16178,0.42819961492561476,2,2.0535809668144545,332,61,1
908,24195,0.7175977656581762,2,2.1432958659235424,528,47,0
909,2302,0.6924361513243696,0,1.4230458551772136,823,66,0
910,19022,0.9912559937021883,0,2.4666113136369345,454,29,0
911,2055,0.12839428945412523,4,2.073416681414618,722,43,0
912,47781,0.10410964938416634,1,2.0473251297913313,545,61,0
913,10717,0.7243388171287412,3,1.9956771488241436,704,50,0
914,30699,0.5783869170064091,3,0.801216206436548,840,30,0
915,10150,0.27416066655980587,0,0.9344617729060216,460,31,0
916,4125,0.0794193689889866,3,1.42798026292885,416,41,0
917,46247,0.08565824959643054,0,1.0280086999189317,570,51,1
918,18748,0.8941908746641183,4,1.330481944668081,786,61,1
919,41577,0.1918673247187429,1,2.2769282198458414,471,43,0
920,6621,0.32337156211552076,4,2.1486537837585384,573,38,0
921,17034,0.22665640222698802,2,1.7600797569599644,558,45,0
922,48391,0.3549963058319373,2,2.216240788502207,434,65,0
923,7126,0.06942384274609337,2,2.0675447780344984,721,53,0
924,7122,0.5190597909082704,4,1.357969863681781,720,57,0
925,20030,0.0676125635922149,3,0.9021303040998903,485,19,0
926,19302,0.8003565078223616,1,1.5284020800186784,663,59,0
927,21181,0.23371208191043302,2,1.9724577650571002,677,26,0
928,40638,0.5400119146045106,2,1.372839197459186,822,40,0
929,3531,0.8800790875614583,2,1.8335438195677944,495,32,1
930,42940,0.6508773690471942,1,0.6886548525820873,397,30,0
931,42441,0.5329577865513353,2,1.9960094727428068,321,40,0
932,25333,0.3243337531153756,1,2.125427239786124,749,34,0
933,41650,0.33300191305819793,2,1.9136757115610823,471,65,0
934,36674,0.6694869551981901,4,2.434527175052731,682,19,0
935,37854,0.9941393612211675,4,2.153304114921281,433,37,1
936,48271,0.6618391898493786,1,2.3061874557530766,725,37,0
937,10152,0.5577834173700249,4,2.367142166915296,324,63,0
938,40518,0.7306505102392461,1,2.1026959837476173,802,20,0
939,47540,0.46520561228371815,4,1.8485176840129982,484,29,1
940,12267,0.060142342600785215,4,0.5114371627215786,384,57,1
941,27289,0.5622968158779098,1,1.4316515064462494,443,19,0
942,3062,0.9576252845053802,3,1.642324597244722,711,53,1
943,31926,0.17530294235765964,4,1.1080605448959993,523,31,0
944,8229,0.6900048908206657,2,1.1362088938069441,519,33,0
945,49915,0.20093368865905648,3,2.4223188314203306,478,36,0
946,6632,0.5358276844730813,1,2.283421730405492,732,51,0
947,41056,0.09667644964671962,3,2.1983580110034087,564,61,1
948,5596,0.45037093625818514,0,1.3120236034122212,728,63,0
949,46243,0.7561633288952461,0,0.5273971008178291,715,23,1
950,8168,0.3475715242389821,4,0.6604444929114281,752,30,0
951,44563,0.664911724487218,4,1.1243927364352073,496,53,0
952,9561,0.7954499607897292,2,0.531485825991354,352,39,0
953,10258,0.9271778194794527,3,0.5342995638303962,779,35,0
954,18616,0.23464208185545354,0,2.3332066032848218,742,29,0
955,28734,0.39931591580930814,4,1.9123170042381081,629,69,0
956,8371,0.15241601333041743,3,1.1179119801363053,550,47,1
957,28069,0.9924835021583752,4,0.7652891552019063,422,68,0
958,16369,0.9270009679242953,4,1.5232714357901542,686,57,0
959,14910,0.5399571302805596,0,0.5106923217087289,638,24,0
960,9943,0.8420332943764213,0,2.3768274877162883,647,49,0
961,14199,0.5209579772720422,4,1.3296302387778944,328,65,1
962,17728,0.6235856880027597,1,1.3046699104746655,334,36,0
963,25275,0.08912443211601662,4,1.2811872151635644,817,23,0
964,8738,0.7552704204968079,4,0.6386566607755295,695,37,0
965,17913,0.12771348363523483,2,1.7766444795836531,593,44,0
966,37240,0.8260676302525284,2,1.9660072392567067,648,60,0
967,21123,0.7820280876703859,2,1.8522507951765805,446,54,0
968,36529,0.7087446977429764,1,0.7768709866587886,366,65,0
969,12167,0.036160380524762115,1,1.6576803360711851,819,24,0
970,12554,0.3031283559453286,4,1.6389689683445077,421,22,0
971,19260,0.26311256991084286,2,2.236821575882764,639,28,0
972,49045,0.3601364074715191,1,1.258255316751294,474,32,0
973,5812,0.08764274676383854,0,1.2429718873188684,750,20,0
974,30024,0.9369578230310628,4,1.7370541174363712,435,22,0
975,29285,0.5538022407123763,3,1.766145306999026,315,40,0
976,28900,0.30552431065802355,4,1.4385704546515807,632,54,1
977,3605,0.3969815170742834,3,1.3861187246608422,494,26,0
978,7622,0.44720254050483565,2,1.4882953412757653,795,32,0
979,8767,0.6005943333606173,3,2.2220905990066235,308,20,1
980,29139,0.5156794276964978,2,1.42233380250782,633,46,0
981,13613,0.9193919732144173,0,2.379863583939645,632,23,0
982,12589,0.49696348290583026,3,1.508007527192652,626,34,0
983,15918,0.9921580148233127,4,2.398401386361783,314,43,0
984,22119,0.8514249577450957,2,2.1656638037381515,525,38,0
985,29446,0.2085105143573358,4,1.2248626452316582,724,25,0
986,15046,0.9305952146439163,1,2.2272828425932323,707,38,1
987,26818,0.11636639788547609,2,0.7201265684022304,412,28,0
988,37358,0.8174497084911916,3,2.350094350686029,727,55,0
989,6324,0.3806232934765801,2,1.7632870301657833,300,25,0
990,12787,0.8779743204450695,4,0.6087814970446224,565,59,0
991,11111,0.8680566901074503,0,1.788513447301623,790,41,0
992,40110,0.8059254001176211,2,2.4484953082895125,507,52,0
993,18389,0.7900304363070614,3,0.6396013092292578,668,31,0
994,43427,0.3046791390980408,1,1.6093754195601726,605,31,0
995,16043,0.08091928305125218,0,1.9955886995187448,311,27,1
996,30746,0.40298017876516146,1,2.1205171733990626,644,29,1
997,24350,0.17352451498650867,2,1.3276549306415917,764,55,0
998,43605,0.6949510889024617,4,0.908333118336486,793,61,0
999,2117,0.34609972653778553,4,0.5846845575447677,667,63,0
1000,48685,0.9756102008599149,3,1.6594523141944495,719,51,1
